{
  "uji_test_file": "tt02.txt",
  "n_frames": 356,
  "n_steps_detected": 54,
  "pf_points": 55,
  "pdr_points": 55,
  "step_len_mean": 0.4445394711078893,
  "step_len_std": 0.05962914764540796,
  "heading_std_deg": 112.54356310430555,
  "weight_ess_ratio_mean": 0.9999999522917468,
  "weight_ess_ratio_min": 0.9999999299954117,
  "weight_ess_ratio_p05": 0.9999999312238919,
  "weight_ess_ratio_max": 0.9999999999999993,
  "weight_top1_mean": 0.0005002379165002004,
  "weight_top1_max": 0.0005003393710381258,
  "weight_top10_mean": 0.005002103172597364,
  "weight_top10_max": 0.005003048413513258,
  "resample_like_steps_ess_lt_0p4": 0,
  "pf_err_mean": 1.971313461169034,
  "pf_err_median": 1.4957462562796158,
  "pf_err_p95": 4.215554404254076,
  "pf_err_final": 0.7803216291830637,
  "pdr_err_mean": 1.9286455920701884,
  "pdr_err_median": 1.4537168172467956,
  "pdr_err_p95": 4.180725867255987,
  "pdr_err_final": 0.7208589119671873,
  "pf_better_count": 0,
  "pf_worse_count": 54
}